href,name
https://book.douban.com/tag/小说,小说
https://book.douban.com/tag/外国文学,外国文学
https://book.douban.com/tag/文学,文学
https://book.douban.com/tag/随笔,随笔
https://book.douban.com/tag/中国文学,中国文学
https://book.douban.com/tag/经典,经典
https://book.douban.com/tag/日本文学,日本文学
https://book.douban.com/tag/散文,散文
https://book.douban.com/tag/村上春树,村上春树
https://book.douban.com/tag/诗歌,诗歌
https://book.douban.com/tag/童话,童话
https://book.douban.com/tag/儿童文学,儿童文学
https://book.douban.com/tag/古典文学,古典文学
https://book.douban.com/tag/王小波,王小波
https://book.douban.com/tag/杂文,杂文
https://book.douban.com/tag/名著,名著
https://book.douban.com/tag/余华,余华
https://book.douban.com/tag/张爱玲,张爱玲
https://book.douban.com/tag/当代文学,当代文学
https://book.douban.com/tag/钱钟书,钱钟书
https://book.douban.com/tag/外国名著,外国名著
https://book.douban.com/tag/鲁迅,鲁迅
https://book.douban.com/tag/诗词,诗词
https://book.douban.com/tag/茨威格,茨威格
https://book.douban.com/tag/米兰·昆德拉,米兰·昆德拉
https://book.douban.com/tag/杜拉斯,杜拉斯
https://book.douban.com/tag/港台,港台
https://book.douban.com/tag/漫画,漫画
https://book.douban.com/tag/推理,推理
https://book.douban.com/tag/绘本,绘本
https://book.douban.com/tag/青春,青春
https://book.douban.com/tag/东野圭吾,东野圭吾
https://book.douban.com/tag/科幻,科幻
https://book.douban.com/tag/言情,言情
https://book.douban.com/tag/悬疑,悬疑
https://book.douban.com/tag/武侠,武侠
https://book.douban.com/tag/奇幻,奇幻
https://book.douban.com/tag/日本漫画,日本漫画
https://book.douban.com/tag/韩寒,韩寒
https://book.douban.com/tag/耽美,耽美
https://book.douban.com/tag/亦舒,亦舒
https://book.douban.com/tag/推理小说,推理小说
https://book.douban.com/tag/三毛,三毛
https://book.douban.com/tag/网络小说,网络小说
https://book.douban.com/tag/安妮宝贝,安妮宝贝
https://book.douban.com/tag/郭敬明,郭敬明
https://book.douban.com/tag/穿越,穿越
https://book.douban.com/tag/金庸,金庸
https://book.douban.com/tag/阿加莎·克里斯蒂,阿加莎·克里斯蒂
https://book.douban.com/tag/轻小说,轻小说
https://book.douban.com/tag/科幻小说,科幻小说
https://book.douban.com/tag/几米,几米
https://book.douban.com/tag/青春文学,青春文学
https://book.douban.com/tag/魔幻,魔幻
https://book.douban.com/tag/幾米,幾米
https://book.douban.com/tag/张小娴,张小娴
https://book.douban.com/tag/J.K.罗琳,J.K.罗琳
https://book.douban.com/tag/古龙,古龙
https://book.douban.com/tag/高木直子,高木直子
https://book.douban.com/tag/沧月,沧月
https://book.douban.com/tag/落落,落落
https://book.douban.com/tag/张悦然,张悦然
https://book.douban.com/tag/校园,校园
https://book.douban.com/tag/历史,历史
https://book.douban.com/tag/心理学,心理学
https://book.douban.com/tag/哲学,哲学
https://book.douban.com/tag/传记,传记
https://book.douban.com/tag/文化,文化
https://book.douban.com/tag/社会学,社会学
https://book.douban.com/tag/艺术,艺术
https://book.douban.com/tag/设计,设计
https://book.douban.com/tag/社会,社会
https://book.douban.com/tag/政治,政治
https://book.douban.com/tag/建筑,建筑
https://book.douban.com/tag/宗教,宗教
https://book.douban.com/tag/电影,电影
https://book.douban.com/tag/数学,数学
https://book.douban.com/tag/政治学,政治学
https://book.douban.com/tag/回忆录,回忆录
https://book.douban.com/tag/中国历史,中国历史
https://book.douban.com/tag/思想,思想
https://book.douban.com/tag/国学,国学
https://book.douban.com/tag/人文,人文
https://book.douban.com/tag/音乐,音乐
https://book.douban.com/tag/人物传记,人物传记
https://book.douban.com/tag/绘画,绘画
https://book.douban.com/tag/艺术史,艺术史
https://book.douban.com/tag/戏剧,戏剧
https://book.douban.com/tag/佛教,佛教
https://book.douban.com/tag/军事,军事
https://book.douban.com/tag/二战,二战
https://book.douban.com/tag/西方哲学,西方哲学
https://book.douban.com/tag/近代史,近代史
https://book.douban.com/tag/考古,考古
https://book.douban.com/tag/自由主义,自由主义
https://book.douban.com/tag/美术,美术
https://book.douban.com/tag/爱情,爱情
https://book.douban.com/tag/旅行,旅行
https://book.douban.com/tag/生活,生活
https://book.douban.com/tag/成长,成长
https://book.douban.com/tag/励志,励志
https://book.douban.com/tag/心理,心理
https://book.douban.com/tag/摄影,摄影
https://book.douban.com/tag/女性,女性
https://book.douban.com/tag/职场,职场
https://book.douban.com/tag/教育,教育
https://book.douban.com/tag/美食,美食
https://book.douban.com/tag/游记,游记
https://book.douban.com/tag/灵修,灵修
https://book.douban.com/tag/健康,健康
https://book.douban.com/tag/情感,情感
https://book.douban.com/tag/手工,手工
https://book.douban.com/tag/两性,两性
https://book.douban.com/tag/养生,养生
https://book.douban.com/tag/人际关系,人际关系
https://book.douban.com/tag/家居,家居
https://book.douban.com/tag/自助游,自助游
https://book.douban.com/tag/经济学,经济学
https://book.douban.com/tag/管理,管理
https://book.douban.com/tag/经济,经济
https://book.douban.com/tag/商业,商业
https://book.douban.com/tag/金融,金融
https://book.douban.com/tag/投资,投资
https://book.douban.com/tag/营销,营销
https://book.douban.com/tag/创业,创业
https://book.douban.com/tag/理财,理财
https://book.douban.com/tag/广告,广告
https://book.douban.com/tag/股票,股票
https://book.douban.com/tag/企业史,企业史
https://book.douban.com/tag/策划,策划
https://book.douban.com/tag/科普,科普
https://book.douban.com/tag/互联网,互联网
https://book.douban.com/tag/编程,编程
https://book.douban.com/tag/科学,科学
https://book.douban.com/tag/交互设计,交互设计
https://book.douban.com/tag/用户体验,用户体验
https://book.douban.com/tag/算法,算法
https://book.douban.com/tag/科技,科技
https://book.douban.com/tag/web,web
https://book.douban.com/tag/UE,UE
https://book.douban.com/tag/通信,通信
https://book.douban.com/tag/交互,交互
https://book.douban.com/tag/UCD,UCD
https://book.douban.com/tag/神经网络,神经网络
https://book.douban.com/tag/程序,程序
